{
	"materials": [],
	"meshes": [
		{
			"name": "cymbal4",
			"id": "dd4ebac5-0e78-435a-b158-45f308d26041",
			"uniqueId": 19,
			"type": "Mesh",
			"position": [
				-2502.8081,
				-1029.882912029271,
				-818.8310920500326
			],
			"rotation": [
				0,
				0,
				3.1416
			],
			"scaling": [
				1.5217,
				0.1789,
				1.5217
			],
			"localMatrix": {
				"0": 1,
				"1": 0,
				"2": 0,
				"3": 0,
				"4": 0,
				"5": 1,
				"6": 0,
				"7": 0,
				"8": 0,
				"9": 0,
				"10": 1,
				"11": 0,
				"12": 0,
				"13": 0,
				"14": 0,
				"15": 1
			},
			"isEnabled": true,
			"isVisible": true,
			"infiniteDistance": false,
			"pickable": true,
			"receiveShadows": false,
			"billboardMode": 0,
			"visibility": 1,
			"checkCollisions": false,
			"isBlocker": false,
			"isUnIndexed": false,
			"geometryId": "c43fc0a4-3faa-462e-9450-8836f5562973",
			"subMeshes": null,
			"materialId": "9cdd1c02-fd59-46ac-9e9c-25c683d1b38f",
			"metadata": {
				"basePoseMatrix": {
					"0": -0.6571597456932068,
					"1": 0.00004106433698325418,
					"2": 0,
					"3": 0,
					"4": -0.000004827765224035829,
					"5": -5.589715003967285,
					"6": 0,
					"7": 0,
					"8": 0,
					"9": 0,
					"10": 0.6571597456932068,
					"11": 0,
					"12": -1.8453614711761475,
					"13": 10.179545402526855,
					"14": 3.436025381088257,
					"15": 1
				},
				"originalSourceFile": {
					"id": "symbal4",
					"name": "symbal4",
					"sceneFileName": "dram_v3.babylon"
				},
				"isPickable": true,
				"script": {
					"name": "None"
				},
				"renderingGroupId": 0
			},
			"instances": [],
			"animations": [],
			"ranges": [],
			"layerMask": 268435455,
			"alphaIndex": 1.7976931348623157e+308,
			"overlayAlpha": 0.3,
			"overlayColor": [
				1,
				0,
				0
			],
			"applyFog": true,
			"delayLoadingFile": "geometries/c43fc0a4-3faa-462e-9450-8836f5562973.babylonbinarymeshdata",
			"boundingBoxMaximum": [
				1,
				1,
				1
			],
			"boundingBoxMinimum": [
				-1,
				-3.9030001163482666,
				-1
			],
			"_binaryInfo": {
				"positionsAttrDesc": {
					"count": 1116,
					"stride": 3,
					"offset": 0,
					"dataType": 1
				},
				"normalsAttrDesc": {
					"count": 1116,
					"stride": 3,
					"offset": 4464,
					"dataType": 1
				},
				"uvsAttrDesc": {
					"count": 744,
					"stride": 2,
					"offset": 8928,
					"dataType": 1
				},
				"indicesAttrDesc": {
					"count": 372,
					"stride": 1,
					"offset": 11904,
					"dataType": 0
				},
				"subMeshesAttrDesc": {
					"count": 1,
					"stride": 5,
					"offset": 13392,
					"dataType": 0
				}
			},
			"positions": null,
			"normals": null,
			"uvs": null,
			"hasUVs": true,
			"indices": null
		}
	],
	"multiMaterials": [],
	"lods": []
}