{
	"multiMaterials": [],
	"materials": [],
	"meshes": [
		{
			"name": "Dram0",
			"id": "a4d34547-8411-4332-a655-dc7721ff4d25",
			"uniqueId": 20,
			"type": "Mesh",
			"position": [
				-2500,
				-1031.521712029271,
				-812.1697920500326
			],
			"rotation": [
				0,
				0,
				0
			],
			"scaling": [
				0.1578,
				0.7934,
				0.1316
			],
			"localMatrix": {
				"0": 1,
				"1": 0,
				"2": 0,
				"3": 0,
				"4": 0,
				"5": 1,
				"6": 0,
				"7": 0,
				"8": 0,
				"9": 0,
				"10": 1,
				"11": 0,
				"12": 0,
				"13": 0,
				"14": 0,
				"15": 1
			},
			"isEnabled": true,
			"isVisible": true,
			"infiniteDistance": false,
			"pickable": true,
			"receiveShadows": false,
			"billboardMode": 0,
			"visibility": 1,
			"checkCollisions": false,
			"isBlocker": false,
			"isUnIndexed": false,
			"geometryId": "b4671a10-ebd9-4032-b69b-ee898112062b",
			"subMeshes": null,
			"materialId": "044d000e-3f8c-4b66-879f-930433643ca2",
			"metadata": {
				"basePoseMatrix": {
					"0": 6.337135314941406,
					"1": 0,
					"2": 0,
					"3": 0,
					"4": 0,
					"5": 1.260398268699646,
					"6": 0,
					"7": 0,
					"8": 0,
					"9": 0,
					"10": 7.59878396987915,
					"11": 0,
					"12": 0,
					"13": -0.22977061569690704,
					"14": -10.886777877807617,
					"15": 1
				},
				"originalSourceFile": {
					"id": "Dram0",
					"name": "Dram0",
					"sceneFileName": "dram_v3.babylon"
				},
				"isPickable": true,
				"script": {
					"name": "None"
				},
				"renderingGroupId": 0
			},
			"instances": [],
			"animations": [],
			"ranges": [],
			"layerMask": 268435455,
			"alphaIndex": 1.7976931348623157e+308,
			"overlayAlpha": 0.3,
			"overlayColor": [
				1,
				0,
				0
			],
			"applyFog": true,
			"delayLoadingFile": "geometries/b4671a10-ebd9-4032-b69b-ee898112062b.babylonbinarymeshdata",
			"boundingBoxMaximum": [
				10.13659954071045,
				1.2913999557495117,
				1.271399974822998
			],
			"boundingBoxMinimum": [
				-10.13659954071045,
				-1.2623000144958496,
				-23.04669952392578
			],
			"_binaryInfo": {
				"positionsAttrDesc": {
					"count": 5145,
					"stride": 3,
					"offset": 0,
					"dataType": 1
				},
				"normalsAttrDesc": {
					"count": 5145,
					"stride": 3,
					"offset": 20580,
					"dataType": 1
				},
				"uvsAttrDesc": {
					"count": 3430,
					"stride": 2,
					"offset": 41160,
					"dataType": 1
				},
				"indicesAttrDesc": {
					"count": 2052,
					"stride": 1,
					"offset": 54880,
					"dataType": 0
				},
				"subMeshesAttrDesc": {
					"count": 2,
					"stride": 5,
					"offset": 63088,
					"dataType": 0
				}
			},
			"positions": null,
			"normals": null,
			"uvs": null,
			"hasUVs": true,
			"indices": null
		}
	],
	"lods": []
}