{
	"multiMaterials": [],
	"materials": [],
	"meshes": [
		{
			"name": "Dram4",
			"id": "2552f87c-59ba-4d9d-b849-40492cf8be20",
			"uniqueId": 19,
			"type": "Mesh",
			"position": [
				-2501.904,
				-1031.546012029271,
				-816.2492920500325
			],
			"rotation": [
				0,
				0,
				-0.3169999740048827
			],
			"scaling": [
				1.4242000396199366,
				0.0749999981929706,
				1.4242000579833984
			],
			"localMatrix": {
				"0": 1,
				"1": 0,
				"2": 0,
				"3": 0,
				"4": 0,
				"5": 1,
				"6": 0,
				"7": 0,
				"8": 0,
				"9": 0,
				"10": 1,
				"11": 0,
				"12": 0,
				"13": 0,
				"14": 0,
				"15": 1
			},
			"isEnabled": true,
			"isVisible": true,
			"infiniteDistance": false,
			"pickable": true,
			"receiveShadows": false,
			"billboardMode": 0,
			"visibility": 1,
			"checkCollisions": false,
			"isBlocker": false,
			"isUnIndexed": false,
			"geometryId": "d8a7e154-061a-4947-b660-77f70439a8c7",
			"subMeshes": null,
			"materialId": "7c06242f-ce22-482f-9e62-547ded1b71df",
			"metadata": {
				"basePoseMatrix": {
					"0": 0.6671639084815979,
					"1": 4.1562323570251465,
					"2": 0,
					"3": 0,
					"4": -0.21887195110321045,
					"5": 12.668997764587402,
					"6": 0,
					"7": 0,
					"8": 0,
					"9": 0,
					"10": 0.7021485567092896,
					"11": 0,
					"12": 1.3048619031906128,
					"13": 5.911765098571777,
					"14": 1.8584468364715576,
					"15": 1
				},
				"originalSourceFile": {
					"id": "Dram4",
					"name": "Dram4",
					"sceneFileName": "dram_v3.babylon"
				},
				"isPickable": true,
				"script": {
					"name": "None"
				},
				"renderingGroupId": 0
			},
			"instances": [],
			"animations": [],
			"ranges": [],
			"layerMask": 268435455,
			"alphaIndex": 1.7976931348623157e+308,
			"overlayAlpha": 0.3,
			"overlayColor": [
				1,
				0,
				0
			],
			"applyFog": true,
			"delayLoadingFile": "geometries/d8a7e154-061a-4947-b660-77f70439a8c7.babylonbinarymeshdata",
			"boundingBoxMaximum": [
				1,
				17.546600341796875,
				1
			],
			"boundingBoxMinimum": [
				-1,
				-1,
				-1
			],
			"_binaryInfo": {
				"positionsAttrDesc": {
					"count": 5172,
					"stride": 3,
					"offset": 0,
					"dataType": 1
				},
				"normalsAttrDesc": {
					"count": 5172,
					"stride": 3,
					"offset": 20688,
					"dataType": 1
				},
				"uvsAttrDesc": {
					"count": 3448,
					"stride": 2,
					"offset": 41376,
					"dataType": 1
				},
				"indicesAttrDesc": {
					"count": 2052,
					"stride": 1,
					"offset": 55168,
					"dataType": 0
				},
				"subMeshesAttrDesc": {
					"count": 2,
					"stride": 5,
					"offset": 63376,
					"dataType": 0
				}
			},
			"positions": null,
			"normals": null,
			"uvs": null,
			"hasUVs": true,
			"indices": null
		}
	],
	"lods": []
}